rating,headline,text,author,date,location,verified_buyer,would_recommend
5,Martians are the best,This is my second Alienware I love my first one. It's still going strong just wild hair and wanted to get another one. My original ones about seven years old still going strong but love my new one.,JD,2 days ago,From Wyoming,Yes,Yes
5,Terrific Gaming Laptop,This laptop is an excellent gaming machine. I've used it to play Oblivion Remastered and Red Dead Redemption. Love it.,Zak,2 days ago,"From Chandler, Arizona",Yes,Yes
5,"Perfect size, Powerful performance, Convenient portability","I wanted a machine that could do anything...Gaming, video editing, spreadsheets, the works. This is that machine! You want an excellent laptop? Look no further!",Ren,3 days ago,"From Monterey, California",Yes,Yes
5,Everything I wanted and more,"This is the nicest thing I've ever owned. Powerful, beautifully designed, and handles anything I've thrown at it. Beautiful.",Wamp,3 days ago,"From Pigeon Forge, TN",Yes,Yes
5,Nice Screen! Great Gaming Laptop!,"18""screen. Quick uploads and great framerates. I bought my son one a few years ago. He loved it because he could take it anywhere and get great performance. That has only gotten better with new technology. If want a serious mobile gaming computer. Thus one is for you.",WARHAUS,3 days ago,From NC,Yes,Yes
5,very pleased,use it like a regular computer,joe,7 days ago,"From Buffalo,NY",Yes,Yes
5,Area51,5090 is an exceptional graphics system and it did not melt itself; M2 gen5 is the first notable ssd performance improvement in 15 years. Benches better than some very high end desktops.,Chip,12 days ago,From TX,Yes,Yes
5,Alien Awesomeness,The best laptop. I have had up to this date. Speed. Clarity. Comfortableness. Off the charts,The Mad King,13 days ago,From Phoenix,Yes,Yes
5,Perfect for gaming,Compatible with all games.,Big,14 days ago,,Yes,Yes
5,Alienware Laptop - Out of this world!!,"Top notch quality, easy setup and, honestly, the best components. You configure them according to your needs but Dell makes it easy and protects you during configuration to not place incompatible parts together. I configured mine for trading and it works great with 4 external monitors (using an other world computing USB-C hub). I like the idea of a portable machine with the power of a desktop. Great overall experience, easy and fast. Cant ask for more! #sweepstakes",MoneyMaker,17 days ago,From Michigan,Yes,Yes
5,Great and surprisingly quiet,Very pleased with the features and performance of this laptop. I'm not a hardcore FPS gamer but I do play MMOs and it has performed great without getting very noisy. Love the feature set. Ports on the back instead of both sides are convenient. I mostly use it at home with separate monitors and keyboard but what I've used so far of the screen and keyboard seem solid. Definitely pleased with the purchase.,Marc,17 days ago,From Oregon,Yes,Yes
5,I wanna go fast,"So fast, so nice. I bought 2!",Jbones,17 days ago,"From Glen Cove, NY",Yes,Yes
5,Great Device and Great Service,The team members at dell are amazing and supportive. Device is perfect.,Adrian,17 days ago,,Yes,Yes
5,#sweepstakes Perfect game laptop for last games,"#sweepstakes Amazing speed. I test it with expedition 33 and stalker 2, run in at the top performance without complaining.",Juansid,18 days ago,From Tampa FL,Yes,Yes
5,initial use,very satisfied,review,22 days ago,,Yes,Yes
5,"Cool laptop, literally",Quiet cooling system even in demanding games.,Aurelian,23 days ago,From St Ives,Yes,Yes
5,Best Laptop I Have Owned,"Not a fan of Windows. Apple OS and integration much better. My MacBook Pro M4Max is great but this Dell Alien 18 Area-51 is so much faster. The NVIDIA RTX 5080 creates great graphics. The keyboard and pad are really well lit. Excellent design and build. If you need to run Windows, this Dell laptop will lessen the pain.",Nick1,23 days ago,"From Bainbridge Island, WA",Yes,Yes
5,Better than expected,"Kind of a base model with RTX 5080, 1TB SSD, 32 GB, 18"" screen, base keyboard. It was on sale for $1000 off. If I tried to switch to the better keyboard, the price increased about $650, so obviously they were getting rid of some inventory. For the price, I think it was a good deal, and I wanted a laptop with a large screen and decent GPU. Overall, I'm very happy with it, but I have yet to travel with it. It is big and heavy, but I do have a backpack it fits. I've only had it a month, no issues.",Kralon,24 days ago,From Utah,Yes,Yes
5,Awesome,Laptop is awesome But I wish they had a BOOKLET to Explain all the Keys etc and how to Use THE LAPTOP,Rocco,25 days ago,From Las Vegas Nv,Yes,Yes
5,The most amazing laptop on the market,I'm mostly game.I surf the web.Watch movies play tons of video games,Spanky0071,26 days ago,From Ontario Canada,Yes,Yes
5,Perfect for my Home,at Home,Asg,26 days ago,From New York city,Yes,Yes
5,Graceful and Powerful Machine!,"This is my first time to use alienware laptop. It amazed me when I received the machine! Its powerful gaming performance, graceful appearence and cool lighting satisfy almost all of my requirements for laptop!",Man!!!,26 days ago,,Yes,Yes
5,G,More power then expected,Na,28 days ago,,Yes,Yes
5,My workhorse,"This is my 4th Dell laptop computer and never had any complaints. The latest Alienware 18 Area-51 Gaming Laptop does what i want it to do and never misses a beat , for games, for music and general use",Deatheddie,29 days ago,"From Ayr, Scotland",Yes,Yes
5,Awesome,"I'm a software engineer and I use this to develop apps. And I use this to game on my spare time. I love it. It is amazing, thanks you guys.",Megatron,29 days ago,"From Port Richey, Florida",Yes,Yes
5,awesome,After owning a Dell laptop for over 10 years. I needed to purchase a new laptop due to lack of support from Microsoft. ( Old laptop still works fine ) So I was compelled to stay with Dell for my next purchase. I purchased the Alienware 18 inch gaming laptop and all I can say is WOW! I love this beast! Super fast and great picture. Only draw back is the sound and battery life. But otherwise I'm very pleased.,Buddhababy,1 month ago,"From Marietta, Georgia",Yes,Yes
5,Fantastic,"Overjoyed with how good this is. Used solely as a gaming computer. The machine is fast and powerful, the screen is fantastic and the sound is good also. Expensive, but worth it.",Devongamer,1 month ago,,Yes,Yes
5,Best customer service ever *****,It was for my daughter and son in law.,Robert,1 month ago,"From Tulsa, Oklahoma",Yes,Yes
5,Perfect for my digital editing,Great laptop. It works perfectly for my digital art.,Athena,1 month ago,From Arizona,Yes,Yes
5,Perfect for my photo editing,"My Alienware area 51 laptop has 5090 video card and 64 mega ram. It's perfect for all my photo editing software. My only complaint would be battery life. I can only get two to three hours running a laptop when not plugged in.. but for such a powerful machine, I guess this is to be expected.",RogerS,1 month ago,From Sorrento Florida,Yes,Yes
5,Happy with my purchase and support.,I use this computer everyday without fail. I had a 17 and it worked well for me for over six years. THis updated computer far exceeds the capability of the 17 so I am excited and pleased.,why!!!,1 month ago,From Los Angeles,Yes,Yes
5,Fastest Laptop I Have Ever Owned!,Built Rock solid and runs cool and quiet.,BadMax,1 month ago,From Mesquite NV,Yes,Yes
5,Great Media Editing Workhorse,"I got this beast to end an era of desktops. This machine certainly stood up to the test. Plenty of ports to go around, and it runs cool. Alienware has always been good to me.",CaledonAuthor,1 month ago,,Yes,Yes
5,Excellent computer,"It's used for our home-based business. Very fast, enables me to access several programs at a time with great response.",M Drive,1 month ago,"From Carlisle, SC",Yes,Yes
5,Amazing,"This is some seriously amazing tech, love it",Saz,1 month ago,From UK,Yes,Yes
5,Dr. Pratt,Excellent customer service,Otis,1 month ago,"From LX, KY",Yes,Yes
5,Amazing machine,Amazing laptop so quick stylish and well equipped couldn't recommmore,Paul,1 month ago,From Bristol,Yes,Yes
5,Worth its price and weight,"Couldn't play Total War Attila at first, but after installing Total War Rome 2, everything worked",Csz5,1 month ago,"From Beijing, China",Yes,Yes
5,Smokin'!,"Best of the best of the best. Acquired my 1st Alienware in 2017 and still operates great, but is a Windows 10 program. Now, Alienware Area 51. As they said in The Mask (1994) - Smokin'!",Lotusfly7,1 month ago,From 3rd rock from the sun,Yes,Yes
5,"Fast machine, stylish and well built","Although this is a gaming laptop, I primarily use it for compiling software. It is approximately 2.5x as fast as my 3-year-old previous laptop. The fans work incredibly well to keep the CPU and GPU cool. Great service also from the Dell sales rep.",HappyUser,1 month ago,"From Sydney, NSW, Australia",Yes,Yes
5,Dell Computer,great computer. This is the second Alienware I have purchased. Easy to use and setup.,Joe,2 months ago,"From Moses Lake, WA by",Yes,Yes
5,Powerful laptop with awesome large screen,"Overall, 5 stars, very pleased with my purchase! This computer can handle current and future games for some time to come. Excellent speed and graphics, no complaints. Well, I'd really like a touchscreen option on all models, and even less extraneous lighting, which is distracting for others in the room. But these are small things.",Max,2 months ago,"From Bellingham, WA",Yes,Yes
5,Area51,Verry great,Karmagod,2 months ago,From Montreal,Yes,Yes
5,Powerhouse System,"This is my first Alienware laptop. The 18"" screen is solid, the graphics are great, speed and processing have been excellent. One known downside, is the system is heavy at 9lbs. Be aware before buying",Paqwise_Gamgee,2 months ago,From VA,Yes,Yes
5,Perfect for my engineering work,"I use this PC for my engineering work, which consists of simulation, design of parts (using Solidworks), and some programming. I wanted a PC with the fastest core and graphics processing, and this is it.",Ray,2 months ago,"From Point Pleasant, NJ",Yes,Yes
5,Best Buy Of My life,"Dell is always been my favourite brand when it comes to computing devices. Recently bought an alienware with 5090 , build quality, hardware, support back up everything is waesome. So happy.",Charles,2 months ago,,Yes,No
5,Senior Alien,"It's the NVidia 5090 (w/24G) and everything else, in a nice 10 lb package. Great screen, i9, 64G, all solid state (no sleep). Boots linux on (thankfully) fast USB solid state drive (thanks, Dell), because I can't figure out how to touch the nvme for dual boot. Everything works very well, as it should for what it cost. Excellent CUDA development system in a semi-portable package, among other things. Great product.",BL,2 months ago,"From Olympic Peninsula, Washington",Yes,Yes
5,Great laptop for all use,I'm really enjoying this laptop! I got it as a desktop replacement from a system that was 10 years old. I'm hoping this one will last for at least that long.,AlienUser,2 months ago,From Fort Worth,Yes,Yes
5,First Gaming Laptop for me! AWESOME,"This is the first ""gaming"" laptop I have bought and might I add not disappointed at all. I am in the IT field so knew what I wanted and this had all the specs i could want/ask for with minor customization. Extremely happy with the performance and function of it, my only drawback is the wattage needed as they don't have a docking station to supply the 360 watts and you get pop up about could impact performance as the biggest one I could fine was only 300 watt which is what Dell recommended. Had some quirky issues with the laptop and docking station but seem to resolved em all. Overall can't complain any about the laptop itself very happy and satisified with it and must say LOVE the large Display and full keyboard but did have to buy new backpack to fit it. LOL",Jimbo,2 months ago,"From Slidell, LA",Yes,Yes
5,The epitome of Substance and style,"Having now used my Area 51 18 now for little over a month, the laptop has performed perfectly, the build quality is amazing, the unit feels solid, and comfortable to use. I challenge anyone to find fault with this PC",Livewire2kx,2 months ago,From Gloucestershire,Yes,Yes
5,For Office application,The laptop has a lot of power and works great as my computer at work and at home.,Mo,2 months ago,"From Farmington, NM",Yes,Yes
5,great,great.,bonguli,2 months ago,From your closet.,Yes,Yes
5,Alienware 18 Area-51 Gaming Laptop,"So far, I am very pleased with my new laptop. I couldn't be happier. :)",CJS,2 months ago,"From Chicago, IL",Yes,Yes
5,Fast and agile,Enjoy the gaming experience,Bop,2 months ago,From Haverhill MA,Yes,Yes
5,Excellent Gaming Laptop that has Power to Spare!,I use this laptop for both demanding (Star Citizen) and less demanding (Minecraft Java Edition and Elder Scrolls online). So far it has handled everything I have used it for with ease. Also a very attractive laptop to look at.,Lyondellic,2 months ago,"From Webster, TX",Yes,Yes
5,Playing games is the first choice.,"Except that the price is too high, it's all a little",leo,2 months ago,,Yes,Yes
5,Alienware area 51,Amazing machine. Everything runs flawlessly,Pablex,2 months ago,From Miami,Yes,Yes
5,Perfect for my home studio.,Moves my DAW software like lightning.....with hardly any fan noise.,Ace Montana,2 months ago,From Versailles Kentucky,Yes,Yes
5,bought this for wife BD and I am taking her old one,I use mine for financial stuff like paying bills she uses hers for face book and watching vidios and other things she wanted something faster than the one she had so far really happy,PBallyT,2 months ago,From Springville Ind,Yes,Yes
5,The Perfect OG Laptop,Great laptop. Excellent build quality. Highly recommended!,Anonymous,2 months ago,,Yes,
5,great computer,"great computer, great spec. great performance. great buy",Anonymous,3 months ago,,Yes,
5,Fantastic System,"An absolutely amazing laptop that serves my needs as a Technical Writer integrating AI as well as quite a powerful system for fun, also. I wanted a computer that will be fast and strong for years to come and am quite satisfied with this Alienware Area-51 purchase.",Apollo,3 months ago,"From Castle Rock, CO",Yes,Yes
5,"Strange choice, but right for me","It may seem an odd choice to choose a Gaming Laptop for Business use but it was right for me. For some unknown reason it was hard to find (from any manufacturer) a large screened laptop, with the latest Intel Core Ultra processors that was running Windows Pro and still had an RJ45 Ethernet Port. This one fitted the bill perfectly.",John,3 months ago,From Suffolk,Yes,Yes
5,Beautiful laptop!,I have no complains about this laptop. The dark green color and overall solid well build structure is impressive.,Anonymous,3 months ago,,Yes,
5,Best laptop I have ever owned,I have owned and used many laptops in my life and this machine is my favorite. I purchased the high spec version and so far it's handled every program and task with ease. It's quieter and cooler than my Alienware x17 as well. I love the design and materials of the shell. It had a sub-surface kind of glow to it that feels more polished than the typical RGB lighting you see all over the place. I also appreciate the power brick being a lot smaller than the x17. I'm thrilled with my purchase and love using it.,CJ,3 months ago,"From Seattle, WA",Yes,Yes
5,Sturdy and cool laptop.,Fits my needs. I like the feel. Dell and Alienware are my favorite gaming computer brands. I would buy this once I need to upgrade my current computer. This can handle work and personal stuff every day.,Whizke4,3 months ago,,Yes,Yes
5,Not bad for gaming,This can run games pretty well. Tried the new sonic generations on it and it ran smoothly,Master248,3 months ago,,Yes,Yes
5,Thank you,Awsome,MelanyðŸ’–ðŸ’«,3 months ago,From Wasington,Yes,
5,Amazing gaming playform,This was awesome,Justin Foreman,3 months ago,From Washington,Yes,Yes
5,18 Alien area51 trial,"Great performance, should be my first choice if my budge is enough. One thing need to be noticed is that the laptop is relatively heavy to carry out . Not a good choice for travel, but it deserves the price.",Sheldon,3 months ago,From Seattle,Yes,Yes
5,Great feel!,I don't use laptops very often but this one felt great when used. The keys glide down nicely and feel nice on the hands.,Keeley,3 months ago,"From Orting, WA",Yes,Yes
5,Great rig,Great for gaming,Deebo,3 months ago,From Seattle,Yes,Yes
5,the laptop is peak,ran fortnite really smoothly and graphics looked goof,Alexoralix,3 months ago,"From Federal Way, WA",Yes,Yes
5,Very nice laptop,It was nice,Austin,3 months ago,,Yes,Yes
5,Came to the expo to check this one out,Pax west expo is where I came to test out the laptop and it was pretty nice. Definitely test it out,That1girl,3 months ago,From LA,Yes,Yes
5,Great laptop,Amazing gaming laptop. You'll enjoy every aspect of this laptop.,Del,3 months ago,From Seattle,Yes,Yes
5,Test at PAX,Was a good comp,Borgil,3 months ago,,Yes,Yes
5,Travel Laptop,I think it's very compact and easy to move around in case you want to game on the road!,Koiki,3 months ago,From Seattle,Yes,Yes
5,Great,Excellent quality,TSprigg,3 months ago,From Pax west,Yes,Yes
5,Good build quality,Very big but nicely made. The soft touch plastics are good and the keyboard feels nice. Screen is good as well,Nak,3 months ago,From Los Angeles,Yes,Yes
5,Like omg wow,"use this to play marvel rivals and win all the game. It is very hot, so hot in that I never have to turn my heat on in my bedroom I will save money on my power bill and use the saving for drinks thumbs up",Ict,3 months ago,,Yes,Yes
5,Games,Runs like an athlete,Spood,3 months ago,From Seattle,Yes,Yes
5,Sometimes you need a mobile power house,"As a game developer, gamer, and content maker, this laptop is the kind of powerhouse I needed!",Ez,3 months ago,,Yes,Yes
5,Pax player,Tested the laptop - seemed fast n responsive while gaming.,Kevinfection,3 months ago,From San Jose,Yes,Yes
5,Solid for on the go power,"Amazing performance, wild to see a laptop with that much power.",Wergulz,3 months ago,From Seattle,Yes,Yes
5,perfect portable gaming,I can see this being great for school and just portable gaming,Alyxian,3 months ago,From Pasco WA,Yes,Yes
5,Alien,Always smooth experience,Mcgnuggets,3 months ago,"From Seattle, wa",Yes,Yes
5,Good for gaming,Its good to me!,Aaron,3 months ago,From Seattle,Yes,Yes
5,Good laptop,Runs games,Has,3 months ago,,Yes,Yes
5,Amazing gaming option on the go,Fantastic specs for travelling and keeping up with your gaming and office needs. 5080 in the backpack let's you play all the newest games when you're travelling for work or having fun at home with your friends.,Sci,3 months ago,From Seattle,Yes,Yes
5,Super smooth gameplay,The gameplay on the laptop was super smooth graphic quality was high. The keyboard was ex to use and the mouse was very response.,Daemon,3 months ago,,Yes,Yes
5,Laptop quality,Laptop is good quality and fast,Sleepy,3 months ago,From Seattle,Yes,Yes
5,Soooo goood!,This laptop works so fast. There is no latency at all and the graphics are sooooo good! It works super fast and the sounds are so great as well. It also looks dope! the backlights are perfect for gaming. I highly recommend!,Jo,3 months ago,From Ontario,Yes,
5,Perfect for gaming,Fast and great picture,Pickle,3 months ago,From Last angeles,Yes,Yes
5,It good,It good,Good,3 months ago,,Yes,Yes
5,Great 4 work,The speed of opening apps,Chud,3 months ago,,Yes,Yes
5,Brilliant graphics,Tried at pax west. Games ran so smoothly with awesome graphics,Mags,3 months ago,From Seattle,Yes,Yes
5,Buttery Smooth,"The combined performance and weight make this a really good combo. Its fairly light for its size and the gaming experience is smooth, especially because of the screen refresh rate.",ReyRey,3 months ago,"From Bellevue, WA",Yes,Yes
5,Graphics are great!,"I tried playing ""Stray"" with this laptop. Helped my gameplay feel very smooth and uninterrupted. Great experience!",postyellow,3 months ago,,Yes,Yes
5,Alienware 18 area 51,Use it for interior design great products for software programs!! Highly recommend!,Mariah,3 months ago,From Washington,Yes,Yes
5,Premium experience,"Tested the alternate ultra 9 at PAX West with Stray and BG3 the RTX5080, this laptop can take the max settings of tried games and breeze through with beautiful graphics.",K,3 months ago,,Yes,Yes
5,Amazing,Great,Jackie,3 months ago,From Pax,Yes,Yes
5,Portable PC,Felt like using my pc at home.,Lavi,3 months ago,"From Seattle, WA",Yes,Yes
5,Very slick laptop,Screen and keyboard are very nice. Easy and comfortable to type on. Really like the light up trackpad. The game ran smooth and loaded fast. Interested in getting more alienware products like their oled monitor.,Jimco,3 months ago,"From Seattle, WA",Yes,Yes
5,Alienware 18 Review,I love Alienware! The game I played was so smooth and the mouse was so comfortable.,CJ,3 months ago,"From Seattle, Wa",Yes,
5,Fire game,I think the game is good but could use some special attacks. And I think the health is pretty sensitive the way I take damage from falls but it's a good game to follow step by step type thing not my style tho,Dylan rubenacker,3 months ago,"From Seattle, wa",Yes,Yes
5,Solid Laptop,Great screen response rate. No lag noticed. Keyboard is typical laptop but still Alienware quality so above average.,Krasch,3 months ago,From PAX West 2025 ; Seattle WA,Yes,Yes
5,Enjoyable game,This laptop is really smooth and really fun to use it for game and no lagging.,Pokepool24,3 months ago,,Yes,Yes
5,Great for a gaming room,I would use this for gaming at airports or at home playing with friends. I would play almost anywhere with this gaming laptop.,Clord,3 months ago,"From Shoreline, Washington",Yes,Yes
5,Awesome for gaming!,Insane fps. I love the layout and stylization of the overall laptop. I'm a big fan of aliens so this laptop is perfect for me aesthetic wise and gaming wise.,Jaee,3 months ago,"From Seattle, WA",Yes,Yes
5,A go-to,Tried it at pax and really want to get one. Had a older version so I know it'll be great!,Poki,3 months ago,,Yes,Yes
5,Vibrant screen and smooth feel.,Very smooth keys,AaronNotErin,3 months ago,"From Seattle, WA",Yes,Yes
5,Great for gaming,"I felt like the screen refresh and resolutiom was really good, no frame drops or performance dips",Borb,3 months ago,,Yes,Yes
5,Perfect performance,Loved it. Very smooth.,Strawberry,3 months ago,"From Vancouver, BC",Yes,Yes
5,Great,Not only is it great in gaming it is great for school work.,El,3 months ago,From Seattle,Yes,Yes
5,Great for gaming,Smooth performance,John,3 months ago,,Yes,Yes
5,Speedy,"Very smooth, nice screen and keyboard. Bit chonky but kept cool throughout",Adrian,3 months ago,,Yes,Yes
5,Beautiful,Amazing laptop im beyond impressed,Boogiepop83,3 months ago,From Seattle,Yes,
5,Great performance,Great performance with game and graphics,DeeMan,3 months ago,From Pax booth,Yes,Yes
5,Pax booth review,"At pax west, great booths",muhweeah,3 months ago,From Seattle,Yes,Yes
5,No Lag,Performed very smoothly,Sal,3 months ago,From Washington,Yes,Yes
5,Pax Experience,"It was easy to use, and the Stray graphics looked great on it. It connected well with the Steam control, and the headphones were noise-canceling.",Greatball,3 months ago,From Seattle,Yes,Yes
5,Great screen,Tried it at a demo and really liked the screen. Great for gaming!,Rejilla,3 months ago,"From Seattle, WA",Yes,Yes
5,Nice,Very nice,Carl,3 months ago,From Seattle,Yes,Yes
5,Great improvement over the x17,Great improvement over the x17 series. Love the 10 keypad addition. Great material.,Vivy,3 months ago,,Yes,Yes
5,Amazing Laptop!,The loading speed is very fast and graphics are TOP TIER definitely buy!,Mei Mei,3 months ago,"From Seattle, WA",Yes,Yes
5,Great Gaming Laptop,This system is great! Alienware is always cutting edge. Highly recommend!,Qarrie,3 months ago,"From Seattle, WA",Yes,Yes
5,Really good gaming laptop,Graphics are amazing :),Jun,3 months ago,"From Seattle, WA",Yes,Yes
5,AR 51,Nice screen for laptop,Yeung,3 months ago,From Seattle,Yes,Yes
5,Great for gaming,Very useful on the go!,Mikey,3 months ago,From Seattle,Yes,Yes
5,Perfect for gaming,Very smooth gameplay,Isaac,3 months ago,,Yes,Yes
5,Perfect for gamin,Able to play triple A games smoothly.,Isaac,3 months ago,,Yes,Yes
5,Very fun laptop for games,"This is a good laptop to play games on, very fast, high definition",Flamehorse55,3 months ago,,Yes,Yes
5,Awesome,Really cool I enjoyed playing on it,JohnnyB,3 months ago,From Seattle,Yes,Yes
5,Large and in charge,comfy and good performance,asdf,3 months ago,,Yes,Yes
5,Good laptop,"Good laptop, nice size and alright specs.",Smile,3 months ago,"From Seattle, WA",Yes,Yes
5,Perfect compact gaming laptop,I appreciate how powerful it is for such a small package.,James,3 months ago,"From Seattle, WA",Yes,Yes
5,Very impressive,"I tried an Alien rig at PAX Seattle...wow, so smooth! No jumps or lag at all.. plus visually it is an awesome box. Looking to get one in the future!",DavidC,3 months ago,"From Seattle, WA",Yes,Yes
5,so cool!!,this was so fun to play on! :),lilggsane,3 months ago,,Yes,Yes
5,Fast,The product was good and ran good,Tree,3 months ago,From Seattle wa,Yes,Yes
5,Felt incredible,I tried this laptop at PAX and it felt better than any laptop I have gamed on before. It was smooth and the graphics were crisp. When I am in the market for a gaming laptop I will look at alienware first,John,3 months ago,From Seattle,Yes,Yes
5,Very good for gaming,Overall experience was smooth.,Soo,3 months ago,,Yes,Yes
5,Super cool laptop!,Amazing laptop with a big screen and awesome graphics!,Jazz,3 months ago,,Yes,Yes
5,Review Time,10 / 10 would review again.,Slyyder,3 months ago,From chehalis wa,Yes,Yes
5,Amazing computer,Computer was great and high quality graphics,Tino,3 months ago,"From Seattle,wa",Yes,Yes
5,Cool laptop,Cool laptop,Wil,3 months ago,From Washington,Yes,Yes
5,Awesome,Really fast and powerful!,Ryanator,3 months ago,From Seattle,Yes,Yes
5,Great laptop,Laptop is responsive and plays just about whatever I threw at it well,MrCobalt00,3 months ago,,Yes,Yes
5,Perfect,Excellent for gaming,Demon,3 months ago,From San francisco,Yes,Yes
5,Good laptop,"Good display, solid looking build quality",Lily,3 months ago,,Yes,Yes
5,Fantastic laptop,Playing video games on this laptop was top notch. Definitely recommend.,Spodi,3 months ago,From Seattle,Yes,Yes
5,I'm doing this for a raffle,Great laptop,Aesphi,3 months ago,,Yes,Yes
5,Krispy,"A crisp, clean and responsive way to game",Slapp,3 months ago,From Seattle,Yes,Yes
5,PAX,tried the laptop out at PAX West 25! game ran smooth with no issues!,Juice,3 months ago,From Seattle,Yes,Yes
5,Love it,The laptop is great! The screen is really smooth and it runs really well!,Dewbert,3 months ago,From Federal way washington,Yes,Yes
5,Area 51 18,Fast and reliable Loved the game,Rik,3 months ago,,Yes,Yes
5,Awesome game and staff,Everything is tight,Tt,3 months ago,From Seattle,Yes,Yes
5,Smooth rig with all the perks,Super smooth experience and top level graphics,Headwound,3 months ago,,Yes,Yes
5,Amazing,Top notch best feeling laptop,HuyDNP,3 months ago,"From Seattle, WA",Yes,Yes
5,Big Screen!,Love the size of the screen for a laptop. Great specs!,Bryo,3 months ago,From Portland,Yes,Yes
5,Computer,Really cool,Marcus,3 months ago,From Seattle,Yes,Yes
5,Great system,This thing rocks,Cmdrfluffy,3 months ago,,Yes,
5,Awesome,I love Alienware!,cy,3 months ago,,Yes,Yes
5,Great for gaming and working,It's amazing for gaming and also for doing heavy audio-video editing stuff.,Flo,3 months ago,From Argentina,Yes,Yes
5,UFO-Orochi: The Ultimate Gaming/Workstation Beast - Exceeded,"Just received my Alienware 18 Area-51 and I'm absolutely blown away! This machine is everything I hoped for and more. The RTX 5080 + Intel Ultra 9 275HX combo is incredible. Everything runs buttery smooth, from AAA games to AI model training for my Master's in AI. The 64GB RAM handles massive multitasking without breaking a sweat. The CherryMX mechanical keyboard is a game-changer - perfect tactile feedback for both gaming and long coding sessions. The 18"" display at 300Hz is gorgeous and massive - perfect for productivity and gaming. The Liquid Teal color and AlienFX lighting look absolutely stunning. The Cryo-Chamber cooling keeps everything running cool and quiet even under heavy loads. Perfect for: AI/ML professionals, content creators, serious gamers, anyone who needs desktop-replacement power.",Anonymous,3 months ago,,Yes,
5,Smooth,Very smooth and I love the design. Graphics amazing,Hexy,3 months ago,From Seattle,Yes,Yes
5,The best,Alienware laptops are nice i have one,Piggins,3 months ago,,Yes,Yes
5,Pax west test,I had a lot of fun playing marvel rivals and we have used Alienware off and on over the years,Chibi,3 months ago,,Yes,
5,Great for gaming and work,I played on it at pax and it worked like a charm,Duck,3 months ago,,Yes,Yes
5,AMAZING PRODUCT,Product has good specs,John,3 months ago,From Seattle WA,Yes,Yes
5,Best laptop,Great frame rate and very portable for gaming. Love the modular keyboard lights.,Atray,3 months ago,From Seattle,Yes,Yes
5,Perfect for gaming,Great hardware!,Turtle,3 months ago,From Washington,Yes,Yes
5,Laptop,It good man,PKMaster,3 months ago,,Yes,Yes
5,Pax,played at pax and the event was sick. Laptop did great,John-thicc,3 months ago,From Seatlle,Yes,Yes
5,Love it for gaming!,"Love the laptop! It's the perfect size, has great battery life, and runs all my game smoothly.",Blankexe,3 months ago,,Yes,Yes
5,Great Laptop,Played rivals on it and it was great. Great fans!,Bugsy,3 months ago,From Seattle,Yes,Yes
5,Insane gaming computer,So smooth and great to play one- highly recommend to any gamer,JC Chang,3 months ago,From New York,Yes,Yes
5,Awesome laptop,Had a chance to try these out a pax. I had an older model which lasted forever and this one did not disappoint. I will definitely be purchasing this once I am done with PAX West. Thank you for giving me the opportunity to review.,supernatural006,3 months ago,"From Seattle, WA",Yes,Yes
5,Amazing,"The product..... is just amazing.... I don't know where to start with this. It really changed my life, and I was really appreciative of the amazing customer support. The merch is really cool too. In fact, the merch changed my life as well.",Doomlin,3 months ago,,Yes,Yes
5,18 inch,It's the best!!!,Kevin,3 months ago,From Seattle WA,Yes,Yes
5,FUN gaming Experience at PAX2025,I HAD FUN! The laptop made it easy for the graphics to render smoothly. Color was fantastic and sound was just as great. Would purchase this laptop!,Nick M,3 months ago,From Seattle,Yes,Yes
5,Packs a punch,Plays amazingly and performs silently and powerfully,Nura,3 months ago,"From Seattle, Wa",Yes,Yes
5,Fast,Good,Bam,3 months ago,,Yes,Yes
5,Smooth games,Pax booth was great,Hac,3 months ago,,Yes,
5,Great laptop,Excellent. Product,Max,3 months ago,,Yes,Yes
5,Gaming powerhouse,This laptop is insane. I haven't used laptop for gaming in awhile but I'm playing games on high settings!,Kagedoza,3 months ago,"From Seattle,WA",Yes,Yes
5,Buttery smooth gaming experience,"I tested the device at PAX west this year, and let me say that it was INCREDIBLE. I played Bang-on-balls, and the laptop ran the game with no issue. 10/10, would play again.",JK,3 months ago,,Yes,Yes
5,Dopelaptop,Perfect size.,Tony,3 months ago,From Seattle,Yes,Yes
5,Excellent gaming experience,I played stray at pax and it was fantastic!!,Jewls,3 months ago,From Seattle,Yes,Yes
5,Love it,Pretty big and powerful,robotnachos,3 months ago,From Seattle,Yes,Yes
5,Very smooth,Had a good feel for the track pad and mouse. Maintained a very comfortable frame rate.,McDerp,3 months ago,From Seattle,Yes,Yes
5,Cool little track pad,I did horribly playing at pax but honestly I want it a fair bit!,Jazz,3 months ago,From Seattle,Yes,Yes
5,Perfect for gaming,This product was seamless and quick,Nedwards,3 months ago,From Seattle,Yes,Yes
5,"Very large, good clarity",Comfortable layout and large screen,Nano,3 months ago,,Yes,Yes
5,Alienware 18 Area 51,Awesome laptop! Looks so cool and plays well. I would definitely want another one if I could.,Fluffy,3 months ago,From Washington,Yes,Yes
5,awesome,love alienware products,Ar,3 months ago,From san diego,Yes,Yes
5,Alienware 18 - Area 51 Great Features,"After buying Dell laptops for 30+ years, I can say they are well made and, if you have a problem, Dell will make it right. The Alienware 18 Area 51 laptop I bought was priced right and has great features. The extra cost Cherry Keyboard is well worth it and should be standard. The positive clicky feeling is the way mechanical keyboards should operate. Unfortunately, the laptop they sent me had a problem with the WIFI 7 adapter. It worked on WIFI 6 but had issues with WIFI 7. Dell tech support is always there, and they tried to assist, but hardware issues require replacement. This laptop has the WIFI adapter soldered to the motherboard, which prevents an easy fix. As far as I'm concerned, this is a design flaw. WIFI cards should be user replaceable and upgradable. Dell learned the hard way as I returned this laptop for a refund and purchased another brand with a user replaceable WIFI 7 card. But I say with confidence that my other Dell laptops have been extremely dependable and rugged so you can't go wrong with a Dell laptop.",Rooski,3 months ago,From Philadelphia PA,Yes,Yes
5,CEO,This laptop is amazing and when I needed help with the product because of a glitch Dell was there! I would order again.,Anonymous,3 months ago,,Yes,
5,It's a Beast,"Overall, the system is a beast. I have yet to find its upper end except on AI development (hint: there is no upper end). Eats games for breakfast. Cooling is more than adequate, although I do use a cooling pad with fans. Congrats to your engineers. Now we'll see if it lasts 5 years... I do have two wishes: 1) Laptop engineers seem to think that keeping a standard keyboard will put them out of a job. Create a little app that, when you press a key (How DF do you use the M1 key?) it gives you all the info you need. You can skip letters, thank you. 2) Have a simple, direct way to set the battery to 80% max charge. Phones do it, tablets do it, you're way late and it's not a hard job for your lovely engineers.",Anonymous,3 months ago,,Yes,
5,Great Laptop,I use the laptop mostly to write code. It has a tremendous amount of storage and is very fast.,Anonymous,3 months ago,,Yes,
5,Great product and service,Great laptop. Great service. Recommend.,Rob,3 months ago,From Toronto,Yes,Yes
5,My mobile office,"Although this product is designed for gaming, I bought it for the purpose of working while traveling. Large screen. Fast processor. I want to operate as efficiently on the road as I do from my home office.",Chris from Novi,3 months ago,"From Novi, Michigan",Yes,Yes
5,Alienware 18 Area 51 Gaming Laptop,"I got the intel 9 ultra with 5090 64gb ram 2TB ssd model and it blows my Alienware Aurora R14 desktop 3080 with Ryzen 5 5500 32gb ram out of the water. Can't believe how powerful this thing is after reading the laptop GPUs are roughly 30% weaker than desktop GPUs. Maybe it is compared to a desktop 5090 but even running the most intensive games this thing doesn't even sweat. It's heavy as expected but otherwise it's pretty quiet, runs great, and love the 300hz monitor slightly better quality than my 240hz 1080p desktop monitors. Ended up getting it for around 3k which is what I paid for my R14 almost 5-6 years ago now.",Eric,3 months ago,From Delaware,Yes,Yes
5,area 51,Great,jake,3 months ago,,Yes,
5,New laptop,"Having been an Alienware customer since the very beginning, (this is my 5th now) I miss some of the uniqueness that Alienware was known for. I also wish some of the new product launch's had more customization options in terms of hardware (ie hard drive choices). IMHO marketing a laptop that offers up to 3 drives but only offering mostly single drive options is rather limiting from a gaming brand.",Camerapup,3 months ago,From California,Yes,Yes
5,UNreal,"This is it.. an absolute beast gaming rig, in laptop form, no corners cut! no B.S... just raw power. From exterior design to internal components, makes you feel like this is the culmination of years of trial and error. If youre a man, you need this, no questions asked!!!",Al The Impaler,3 months ago,,Yes,Yes
5,Had to replace a perfectly good computer AGAIN,"For the second time in the last 15 years had to replace a perfectly good computer because monopoly Microsoft is stopping support of the operating system. I went with the closest to the original, a 17 Alienware, I could get, an 18 Area-51 Alienware laptop. Compared to the other this is turbo charged and hope it lasts a long time. Windows 11, culprit responsible for the upgrade, is pushy with AI wanting to butt in everywhere, and OneDrive took my photographs and documents hostage until I figured out how to stop it.",Doc,4 months ago,From Virginia,Yes,Yes
5,Fantastic Machine,Thus is a great machine. I love everything about it. It plays everything so smoothly.,Andystehr,4 months ago,From Rochester MN,Yes,Yes
5,She's a Beauty,"As I'm retired, this was purchased to be primarily for gaming and I couldn't be more happy. I jumped from the 3000 gen to the 5000 gen (and a 5090 at that) and am quite impressed by the improvements over that time. I've yet to have heating issues, so it would seem any and all gaming a go. I'm sure this laptop will last me many years to come and the unique teal color is just icing on the cake. Now if Dell would just fix the Dell Support Assist software it would be a grand slam!",William B.,4 months ago,From West Texas,Yes,Yes
5,Great Performance,Excellent for writing and compiling code or playing high performance games.,MCUSA,4 months ago,"From San Jose, CA",Yes,Yes
5,Perfect gaming laptop,Graphics and processing speed is amazing. Couldn't be happier with my purchase.,Alex,4 months ago,From Pa,Yes,Yes
5,Good for processing photographs.,I have a previous Dell Computer which struggled with processing complex photo images. This computer seems to be capable of doing a better job.,Photonomad,4 months ago,From Melbourne,Yes,Yes
5,All it's cracked up to be.,"Cons: It's huge, and the cord isn't very long nor the battery life great, thus, not a great curl up on the couch and write laptop, but I have an aging lightweight dell that still works fine as a basic word processor, and I had zero expectations for a gaming laptop to have a good battery life. It can get toasty, but no more than other gaming laptops, and you definitely do not need any external cooling fans or anything. It's a little slow on startup and doesn't recognize my USB mouse right away, but that's trivial compared to the pros. Fingerprints easily show up on the pretty casing. Hate the huge copilot key, which could have been made miniscule so the home and end keys could be more conveniently located. FYI: I ordered mostly top specs as far as 5090 and 64 gig ram. Only did the 2TB gen4 SSD as I'd hit (ahem, exceeded) my budget max already, but it might have been worth the bigger and gen5 SSD to better future proof, maybe, maybe not. Pros: It's very pretty. Flawlessly runs KCD2, BG3, and heavily modded skyrim, all at max graphics, and is very pretty and fluid on the attached screen or when hooked up to 65 inch TV. I don't game online so I can't say how it performs, but the download speeds over wifi are impressive, so I suspect that wouldnt be a problem. Overall a huge upgrade from my prior PCs, such as my aging Alienware desktop and my prior 4060 laptop, which could run the above mentioned games at medium graphics yet still lagged. Easily runs other apps like photoshop, of course. Overall: Highly recommend. I'm thrilled with it, glad I upgraded, and think this will get a lot of miles out of it.",C,4 months ago,From Pacific Northwest,Yes,Yes
5,Excellent purchase for my college student,Easily Ordered online. Received notification via email. Status of my order. Prompt shipment. It was my daughter's birthday give and she was elated!.,Lulu,4 months ago,,Yes,Yes
5,Perfect!,Worth every single dollar invested,Gama,4 months ago,,Yes,Yes
5,i could have use a users manual no!,basic computing fine.,computrogee 4,4 months ago,From los angeles,Yes,Yes
5,Best laptop,"This is a beast of a laptop. Have more than enough processing power, Beautiful screen, Blazing speed. I could not be more happy with my purchase. And customer service, Tech support was absolutely great.",David Glockzin,4 months ago,From Waco Texas,Yes,Yes
5,Powerful beast,Runs everything I've asked of it. Works great for penetration testing! It arrived with the Touchpad having a dead spot so I'll be sending it in for repairs Screen looks amazing Really big and heavy but worth it,Ev,4 months ago,From North carolina,Yes,Yes
5,Alienware 18 Area 51,"Great laptop, really powerful and gets through tasks with ease and speed. Had Alienware laptops previously and been pleased with them too.",Dave,4 months ago,From UK,Yes,Yes
5,Lightning Fast,"I'm not a gamer. Instead I use this laptop for high-end graphic design and Photoshop-intensive digital artwork. This laptop is faster than the high-end desktop machine I bought from Dell at the same time. Although I intending to use this laptop for my work when I travel, it's so fast that I'm considering using it as my full time home machine as well.",Solstice Steve,4 months ago,"From Washougal, WA",Yes,Yes
5,Perfect Balance Between Work and Play,"This is my 3rd Alienware Laptop. Really love the form factor and how fast it keeps up with my work/play demands. One part I wish they can address is the weight. Otherwise, it's a powerful machine!",Jay,4 months ago,From Toronto,Yes,Yes
5,Flawless Laptop,Have had my Alienware 18 Area-51 rtx 5090m 6 days now and it is as flaw less a laptop as have ever owned. The performance and thermals are excellent Dell alienware has hit a homerun with this model and feel it is the pearl of this generation of laptops all brands Super,RichardK,4 months ago,,Yes,Yes
5,It's just a great laptop.,It's fast. It's responsive. It's powerful It's just great in every way.,Max,5 months ago,From Kingston,Yes,Yes
5,Awesome design,"Great laptop, powerful and fast. Runs cool",Christian,5 months ago,From Las Vegas,Yes,Yes
5,awesome love,awesome love the 18in .and all the laptop it works very well thank you,dennis,5 months ago,From NY,Yes,Yes
5,Way Better than Inspiron 15 7000 Gaming Series -7577!,I use this for gaming. The Inspiron 15 7000 Gaming Series -7577 that this replaces just could keep up with the Meta Quest 2 virtual reality set.,Tom,5 months ago,From Rhode Island,Yes,Yes
5,The best one.,"I have used 8 different Alienware laptop models to date, and I have never seen one as stable as this. The balance between speed and cooling is excellentâ€”I highly recommend it.",ERN,5 months ago,From London,Yes,Yes
5,"A Gamer's Dream: Alienware 18"" Area-51 laptop","My Alienware 18"" Area-51 Gaming Laptop is transformative. It's a powerhouse, a visual marvel, and a testament to Alienware's commitment to top-tier gaming. From unboxing, its premium feel, ""Liquid Teal"" finish, and robust magnesium alloy chassis impressed. The mesmerizing Alienware RGB lighting enhances the gaming atmosphere. The 18-inch WQXGA (2560 x 1600) 300Hz/3ms display is breathtaking. Games are stunningly clear, vibrant, and unbelievably smooth, making every frame alive. Under the hood, my Intel Core Ultra 9 275HX and NVIDIA GeForce RTX 5090 configuration handles everything with ease. I upgraded to 64GB of DDR5 RAM and a blazing-fast 2TB NVMe M.2 PCIe Gen5 SSD, ensuring lightning-quick load times. AAA titles run at max settings with incredible frame rates, rivaling desktop setups. The cooling system is a triumph. Even during intense sessions, the laptop remains remarkably cool, preventing thermal throttling. The fans are a pleasant ""whoosh"" and unnoticeable with a headset. The Cherry MX mechanical keyboard offers tactile feedback and comfortable, responsive typing. Per-key AlienFX RGB lighting adds personalization. Though large, its portability for a machine of this caliber is impressive, perfect for LAN parties. The array of ports, including Thunderbolt 5, is convenient. In conclusion, the Alienware 18"" Area-51 is an absolute triumph. It's a no-compromise gaming machine delivering an unparalleled experience. For serious gamers seeking the best in mobile performance, stunning visuals, and a premium build, this is an investment in pure gaming bliss. Highly, highly recommended!",Angel,5 months ago,From Texas,Yes,Yes
5,Buying again for my nephew,Solid great laptop,Jackson,5 months ago,From Virginia,Yes,Yes
5,Best Alienware in over a decade!,"I've been using Alienware from before they were part of Dell. In my opinion, this is the best it's ever been!",Dex,5 months ago,,Yes,Yes
5,Best Laptop ever,alienware do it again a great price for best laptop,bacardi8306,5 months ago,"From Lake Worth, FL",Yes,Yes
5,Love my new laptop!,So much faster and way better screen then my older Alienware 17... I am so happy!!!,MR Coffee,5 months ago,From WA - Washington,Yes,Yes
5,I love it !,Best model out there !,Anderson,5 months ago,From Massachusetts,Yes,Yes
5,Does what I expected.,Build quality is excellent. Very easy to set up. Specifications are exactly what I wanted.,KenOC,5 months ago,From Essex,Yes,Yes
5,Great product,So far alienware laptop is top notch. Couple weeks in and runs evertything great,jarcher226,5 months ago,From ca,Yes,Yes
5,Great laptop,Love this version. The previous version ran hot and loud. This laptop runs much quieter and cooler. The 5090 graphics card is awesome! Very satisfied! ðŸ˜Š,JR,5 months ago,From CA,Yes,Yes
5,Love my new laptop,"This is my 2nd Alienware laptop. Build quality, performance, and the look of the laptop are great! I use it for both gaming and as desktop replacement and it doesn't disappoint. Thumbs up!",Kraxmel,5 months ago,"From Dallas, TX",Yes,Yes
5,Awesome,"Clean and stylish design. Heavy, as it can be. But every ounce is worth it in terms of performance. It's a bit odd that it takes a while to get into windows when turned on. But, once inside, it's phenomenal. Tremendous quality and feel of the mechanical keyboard. Beautiful screen, quite bright and vivid. I lowered the illumination to 50%. Sound, good quality, but don't expect it to knock out your bedroom windows. It's just enough and necessary, sound-wise. I notice that they managed very well the architecture of this computer to manage the internal temperature. I can only say, that the legend is back...",Bald Eagle,5 months ago,From Costa Rica,Yes,Yes
5,Real quality in laptop thermal design.,"I tried about 3 other 5000 series laptops before picking the Alienware 18 inch with a 5090 in it, I have to say I am not disappointed. I have never seen thermals so good in a laptop, ever and I've managed two computer stores repairing laptops in the past. It draws in air from the top! Why have I never seen this in a laptop before, the fans aren't loud and even while benchmarking it does not thermal throttle, I get temps on the 5090 in the 60 most of the time while playing, sometime 71 max and 70 for the CPU.. this exact config on the HP omen max hit 105c after one minute of benchmarking. Screen is not OLED but it's still a great screen probably best I've seen on an IPS display, build quality is solid and nice, the typing experience with the cherry mx keys is awesome I get a great score on monkey type, similar to my ergo desktop keyboard score. This is a beast the only thing I would warn you is it's HUGE and heavy but the 16 inch variant does not perform as well as this one, if you are considering one versus the other get the 18 and go big you won't regret it. If you travel a lot and want something easy to take with you look elsewhere altogether but if you want a real desktop replacement that won't burn itself up in a year get this bad boy",Vax,5 months ago,,Yes,Yes
5,Awesome Laptop,"The visual display is sharp and life-like, with accurate color representation. The Core i9 processor is extremely fast and responsive. The 64 GB of DDR5 RAM contributes to fast processing and response to commands. The 18"" Display is an excellent size for detailed and complex work with spreadsheets, Visio diagrams, and graphic designs. The 2 TB SSD is great for mass storage on the laptop, and the SD Card slot allows removable storage of large files for portable use. The keyboard and touchpad are comfortable and responsive. This gaming laptop is great for business power users as well as gamers.",The Computer Collector,5 months ago,"From Chesapeake, VA",Yes,Yes
5,Exactly what I was looking for.,Personal and light home business use. Surfing the internet and entertainment. Email and following current events. Particularly like the speed and excellent graphics in video and photo editing. Excellent product.,Lou,5 months ago,From Henderson NV,Yes,Yes
5,Great thermals,"Alienware nailed the thermals on the 18"". I hit top 1% on all the benchmarks I ran in 3dmark for the 5090 without using a laptop cooler. Stock cooling has plenty of thermal headroom for overclocking.",Aoko,5 months ago,From Misaki Town,Yes,Yes
5,Really Nice Machine,"I just use this as an everyday work at home computer , However , I do like to role play. So this machine is exactly what I need. Its VERY fast and the graphics are phenomenal. I will have have to learn all the features someday.",ral418,5 months ago,"From Silver City , NM",Yes,Yes
5,Great product for your 18 inch Alienware laptop,I purchased this laptop for processing astrophotographs and it is amazing!,Cliff,5 months ago,From Washington,Yes,Yes
5,great laptop,"This laptop is wonderful. Love surfing, doing emails, reading news, and, of course, playing games.",Angel,5 months ago,,Yes,Yes
5,"Area 51 18"" Review","This laptop is absolutely everything I have ever wanted from a laptop. Great price (May 2025), great performance, good feel when typing, coolest (aesthetically and thermally) laptop I have ever had, goes well with the Alienware 18"" Laptop Bag. 100% recommend. I have no complaints about this laptop, I am so happy I purchased it.",Diego,6 months ago,,Yes,Yes
5,Fantastic laptop!,"This laptop is a BEAST! Handles every modern game with FPS in the 250 range on ultra settings. This laptop is simply PERFECTION! It's metal, too. Dell really hit a home run with this machine.",Patrick H.,6 months ago,"From Kirkland, Quebec",Yes,Yes
5,I would buy this product again,"Powerful, easily upgradeable and built like a tank!",Dukefama,6 months ago,,Yes,Yes
5,nice and high quality exterior,thunderbolt 5 does not exist on this laptop at all. the USBC is more like usb3.2 30w but the ports are split in 2 and given the USB4 driver 4k60hz is a maximum per port on this pc as a result of false advertisement timespy gives a nice 22k score. R24 2000 score USB charging is either not currently supported or i do not have a device capable of the minimum 96w to charge as stated by the Manuel(or because thunderbolt is just missing completely) everything else about the laptop even down to the thermals are correct. as for drivers(dell rhymes with h&ll) its not normal compared to a desktop driver install. genuine windows 11 is safe to install but the drivers require installing in a certain order to not go corrupt. hybrid graphics seems to use more power then dedicated graphics by about 30w even for idle cases. i have this system down to 50w.(hybrid was 80w),crowbarstrong,6 months ago,From brisbane,Yes,No
5,Absolutely gorgeous machine,"The cooling solution (the cryochamber) in this beauty is absolutely doing a spectacular job. Solid 10/5! I don't recall ever seeing a high end gaming laptop with cooling this good! (From Alienware or otherwise). The Intel Ultra Core 275hx and the RTX 5080 actually go to their advertised speeds of 160W and 175W respectively with a combined power up to 280W under constant load favouring the GPU or CPU based on the power/thermal profile used. With 4 speakers (2 woofers and 2 tweeters) you can probably hold a party with this machine! (The speakers are that load yes!) 2 SODIMM slots with memory up to 6400MT/s + 3 Nvme Gen 5 Slots + 2 Thunderbolt 5 slots + 5Gbit Ethernet, Full size SD card, regular Type A usb 3 ports, I couldn't ask for more (perhaps a mini-displayport port would have been nice, but we get a full HDMI 2.1 port - not the mini version of it, so no complaints there). I love the Liquid Teal colour. It reminds me of Alienware of old! Only gripe is that the screen is IPS and not OLED, but I don't want glossy OLED, I would have liked a matte OLED screen (Valve was able to do it for the Steam Deck OLED, so maybe next time Alienware can do it as well ^_^). However, the IPS at 500+ nits and 100% DCIP-3 accuracy is one of the best IPS panels I have ever experienced and it's matte, which is a MAJOR WIN! It is ""thin"" at least compared to the previous Alienware Area-51m R2 (or R1) and it is a desktop replacement, but with just one power-brick this time instead of two (thank God!) My only recommendation is to grab the 18' backpack! I was absolutely impressed with the quality! And funny enough, even if the laptop is quite heavy at around 5kg with the adapter, it is very comfortable to travel with (Previously I have used my Vindicator 17' backpack with my 17x laptop and Area-51m R1/R2 laptops. I will let you with a few shots of the laptop and how it looks compared with the previous Area-51m R1 :)",Helifax,6 months ago,From Guildford,Yes,Yes
5,Powerhouse - Buy it! No regrets.,"I have upgraded from a 15"" 4070 to this 18"" 5080. Handling 4K resolution at max graphics better then i expected. Black Myth Wukong sits between 30-45FPS. I'm currently playing Kingdom Come Deliverance 2 on ""experimental"" settings and not noticing any problems with frame rate at 2560 x 1600 Be wary of the surface you put the laptop onto. The bottom can get scratched if you put it on a rugged surface. I left mine on a metal mouse mat and the edges of the mouse mat caught it and caused some scuff marks. Its heavy, but comfortable on the lap. It does get toasty, not uncomfortable at all but you do start to sweat. I would recommend you find an appropriate tray to keep you cool. My previous 4070 laptop would regularly run at 90+ degrees and you couldn't touch the laptop for long without burning yourself. I haven't had that experience here. If you were unsure about the mechanical keyboard, just do it! If you're a touch typist like myself, you won't notice you're using an American layout keyboard. Its well worth the money and has made typing on this machine so much nicer.",GenGenAtro,6 months ago,From Birmingham,Yes,Yes
5,Great computer and customer service,"I had a great experience ordering my system over the phone with very positive customer service and helpful attitude as well as quick build of my system , shipping and receipt.",The Great Oz,6 months ago,From Raleigh NC,Yes,Yes
5,I would buy Alienware products all the time,Perfect product & customer service! I sincerely thank the warm and professional service provided by MARY MARTINA. Always using Alienware products!!!,Forever Young,6 months ago,"From Philadelphia, PA",Yes,Yes
5,"Upgraded from a 4070 to a 5080, amazing!","I've had the laptop for a few days and have run a few benchmarks on recent games I want to play. I'm happy with the performance sitting around 45 FPS for Black Myth Wukong at 4K maxed out settings, realistically you won't want to have everything maxed, so dial it down and have a consistent 60FPS. The wrist rest is very comfortable. The 18"" screen fills your field of view and doesn't feel small. The laptop is heavy, charger is small. Mechanical keyboard feels and sounds great.",AlienAtrox,6 months ago,,Yes,Yes
4,Alienware 18 Area-51 for industrial field service,"Cross-shopped this laptop with Dell business class laptops and Panasonic offerings for rough business use. When you add extended service contract costs and compare features, Alienware is competitive despite high purchase cost. I operate in the desert southwest. When I am forced to work outside in 100+ Â°F and direct sunlight, the screen affords a wider viewing angle like no others, and the advanced cooling system design helps a lot. Indoors, the cooling system is relevant in industrial hot zones. This system with the power brick is over 12 lbs, but I always pack a lot more than that to a job site.",rck,15 days ago,From arizona,Yes,Yes
4,Amazing Laptop with one flaw.,Needed a new gaming laptop & after A LOT of research settled on this Alienware 18 Area51. Easy to spec on website & easy checkout. Kept well informed by email & text during ordering & building. Laptop arrived TWO WEEKS later well packaged. Looks stunning & very well built. Hasn't miss a beat with gaming & keeps cool throughout. Be Aware: Dell's global courier (DP World) are appalling. Tracking was useless. No facility to upgrade to better courier on Dell's website! Lets down the purchase.,Podman,17 days ago,,Yes,Yes
4,The only Alien I love!,"Fantastic gaming, and office machine.",KC,17 days ago,From Colorado,Yes,Yes
4,Very Solid Laptop (So Far),"I've really been enjoying this laptop so far. The performance is great, and the laptop stays pretty cool even while I'm playing demanding games like Battlefield 6 or Alan Wake 2. I also love the keyboard, it's significantly better than the keyboard on my old Lenovo Legion laptop. My only real (but still fairly minor) complaint is with the screen, the resolution is fine but the dynamic range is definitely lacking. Not enough to really bother me, but I was hoping for a little more for Alienware's highest end laptop. Overall very happy, and if in a few years Alienware announces a new version of this laptop with an improved screen I could definitely see myself upgrading!",Patch,25 days ago,,Yes,Yes
4,"Great, with blemishes","Overall, awesome laptop. The performance has exceeded my expectations. The build quality is top notch. Issues I've found: The screen backlight is very noticeable in blacks. The material used for the case is a grease magnet and easily scratched. The laptop would randomly crash / close out of some games. The Alienware command center app is not user friendly. Happy with the product, but for the price I wanted it to run flawlessly. I can live with the screen, but not the random performance.",Matthew,26 days ago,,Yes,Yes
4,It's okay,The laptop overall is a beautiful piece of equipment but slightly high for its price. When I originally got the laptop I had numerous issues with the sound driver. And other issues with programs crashing. Ran a few updates seems okay so far.,Jay Jay,2 months ago,,Yes,Yes
4,Shipped damaged,This is the fourth Alienware laptop I have bought for gaming while driving a truck all across the country. This laptop runs great and does what I wanted from it. My only complaint is it was shipped with cosmetic damage. From the photo below you can see the inner box it was packaged in was clearly damaged but it was shipped anyway. The actual damage is basically cosmetic and I didn't raise any issues due to not wanting to deal with the delay of returning the product for replacement.,Tom,2 months ago,,Yes,Yes
4,Good,Simulation,Buster,2 months ago,From MN,Yes,Yes
4,Excellent Hardware,"This 18"" laptop is superb. There was a task I avoided using my old Asus laptop for because the screen was too small and was underpowered in other ways. I waited repeatedly, and what should have been an enjoyable process resulted in my frustration. That task is now a pleasure again using this new laptop!",Richard,2 months ago,From Toronto,Yes,Yes
4,It's a great laptop for gaming and other activities,"When I ordered this Area-51 18 inch laptop I thought it would come with the fan and touch pad LEDs. When it arrived and did not have them I had to look deeper at the description to see that those only came with certain graphic card systems. The laptop pictures on the Dell website showed those additional LEDs, but it wasn't clear in the description that those were only on certain models. I was disappointed when the laptop arrived and those weren't on it. I would have ordered a different system with those included had it been made more apparent on the site. I'm not unhappy with the laptop, just disappointed that the LEDs are not a part of it.",Disappointed,2 months ago,From Maryland,Yes,Yes
4,Could do better,Received my laptop as promised. Was disappointed at the sound. For a gaming laptop with all the top choices would expect the sound to be better and louder. Even with an external base speaker volume limited. The other disappointment was the box it came in. This is a box you expect to see on the shelf not during shipment. Notifies any and all what's being shipped and could sprout legs at any point leaving the customer hi and dry. Expect more from a premium computer maker,Alex,2 months ago,"From Lufkin, tx",Yes,Yes
4,Solid gaming laptop but long load times,"Demoed one of these laptops at PAX West and it performed pretty well in-game, but it took a few minutes to get into Counter-Strike 2",pax25,3 months ago,,Yes,
4,Perfect laptop ever,Love the startup goes really fast,Meow,3 months ago,From Seattle,Yes,Yes
4,Seems good for gaming,"I test played Stray on it at PAX and it was very smooth. The graphics looked great. The laptop was huge! And incredibly heavy. Which, if you travel a lot, might turn into a huge burned. But if you're a dedicated gamer and streamer, I'm sure this has the horsepower to keep you going",Sam,3 months ago,"From Seattle, WA",Yes,Yes
4,"Decent build quality, hefty","I'm a fan of Alienware and this seems like their standard bread and butter laptop: good build quality, graphics are smooth and good fan system. I'll consider this in the future for a purchase",Ravenwood,3 months ago,From Seattle,Yes,Yes
4,Games on the go,"Little baggy on beginning animation of the game. Overall, it will be good with the full keyboard. Weight is a concern when traveling, so make sure it is durable but able to be a good solution to those who want to be on the move.",VI AS,3 months ago,"From Seattle, wa",Yes,Yes
4,Laptop games,I never heard it. It never run forever. And wifi power.,Shinn,3 months ago,"From Lynnwood, WA",Yes,No
4,Perfect for college,"Would be great for college and gaming, and good for fun with friends.",Kenz,3 months ago,From Washington,Yes,Yes
4,Like most laptops hand placement are awkward,Clunky but it is pc 2,Jordy,3 months ago,"From Vancouver, BC",Yes,Yes
4,Limited fans,It works well but seems to overheat. Like the colored touch pad,Lassy,3 months ago,"From Seattle, wa",Yes,Yes
4,Great for kids,Son loved it at pax. Highly recommend,Mbtran,3 months ago,From Seattle wa,Yes,Yes
4,Smooth,Laptop was good quality and smooth gaming performance.,Rileyrat5x,3 months ago,From Seattle wa,Yes,Yes
4,Nice to play on,"Nice to play on, didn't experience any lag but it did take a while for games to open",JJ,3 months ago,,Yes,Yes
4,Nice laptop,Had a rocky start with booting up games but framerate was smooth after,CptKeen,3 months ago,From Seattle,Yes,Yes
4,Great keyboard feel,I like it for gaming,Jimbo,3 months ago,,Yes,Yes
4,Laptop,It was fast and great,Jon,3 months ago,"From Seattle, wa",Yes,Yes
4,good,laptop is a littbit hot,pao,3 months ago,From seattle,Yes,Yes
4,Pretty good,Laptop was good but runs a little hot while using a mouse.,Ed,3 months ago,"From Seattle, WA",Yes,Yes
4,Very Smooth for Gaming,Really nice,Trick,3 months ago,,Yes,Yes
4,Pretty good,Ran fortnight perfectly,Navia the fortnite god,3 months ago,From Seattle,Yes,Yes
4,Runs hot,Performance is great but the system run extremely hot. Key board is decent but nothing new.,N8,3 months ago,,Yes,Yes
4,Little experience but seems fine,Nice laptop,Chey,3 months ago,,Yes,Yes
4,Good for an office,I felt while it did run smoothly it tended to overheat,J,3 months ago,From Federal way wa,Yes,Yes
4,Solid computer,Super responsive and over great quality!,Tony,3 months ago,From Seattle,Yes,Yes
4,Amazing laptop,Great laptop for any gamer,Rosa,3 months ago,,Yes,Yes
4,Laptop,It was good and fast.,Xtr04elaine,3 months ago,"From Seattle, wa",Yes,Yes
4,Alien ðŸ‘½ hardware,Head set was comfy and has good quality,Ace,3 months ago,From Seattle,Yes,Yes
4,Very easy to use,"Very easy to use, nice graphics",Ten,3 months ago,,Yes,Yes
4,Alienware,Very cool much pc,Brooksie,3 months ago,"From Tacoma, wa",Yes,No
4,Having issues but not sure if it's hardware,"The machine runs great but I had it crash a few times on a daily basis. Trying to figure out if it's software or hardware. The sound is crap, to be honest, compared to my asus pro art laptop that is half the price.",Jooooo,3 months ago,,Yes,No
4,Excellent device. One battery concern,"I have purchased this product to train AI models. I will be starting that soon. Meanwhile, I notice that the battery very rapidly drains out from 30% to 8% (always 8%). Appreciate an investigation!",PunnyQuote,4 months ago,"From Mumbai, India",Yes,Yes
4,Alienware m18 with RTX 5090 â€“ Powerhouse or Price Trap?,"The Alienware m18 is an impressive laptop â€” no doubt. It's ideal for creators and professionals who need strong mobile performance, or gamers who want desktop-like power in one portable machine. But make no mistake: this is not true 5090 performance. For the same money, a desktop would give you 30â€“40% more raw power. If mobility matters, and money is no issue, this is one of the best laptops you can buy. If you're expecting a true desktop replacement? You'll be left a bit underwhelmed. Rating: 4.1/5 Premium, portable, powerful â€” but not a full desktop killer.",The Illusion 5090,4 months ago,,Yes,No
4,"Excellent hardware, software not so much.",We have had to reinstall the software several times and are just hoping that is is now stable enough to be useful,jan,4 months ago,From Alberta,Yes,Yes
4,Almost Perfect...,"The Alienware 18 Area-51 laptop is a beautifully designed laptop with exceptional performance, especially with the MX Cherry keyboard! It's a joy to work on. The one knock is the battery life.",PJ,5 months ago,"From Orange County, CA",Yes,Yes
4,Out of This World Awesome,"Due to my newly acquired nomadic lifestyle, I desperately needed a portable desktop. CES came along and I waited for all major brands to release their top teir offerings. Every single one did not have the build quality, features, and specs in the same pricepoint other than the Alienware. The team behind this product not only knocked it out of the park, but out of this world! Although, my unit did arrive with a tiny scratch at the top cover, the laptop performs above and beyond my expectations.",Gary W,5 months ago,,Yes,Yes
4,Powerhouse with minor problems.,"Computer works great for VR. Gaming wise, Nvidia is still fixing the drivers. Apparently there's a problem where having alot of extra vram makes some games act weird. I was seriously disappointed my favorite game crashes immediately so I can't play it ever again; I think it has to do with Nvidia dropping physics support in the new graphics cards. Also the alienware command center is broke AF. Beyond trying to reinstall, it's hit or miss that it'll work. I expect most of the software bugs to be fixed with time so I'd consider them minor flaws. I think for the price point, the reliability of dell, and quality/performance I would recommend this over every other gaming laptop.",Gamer,6 months ago,From USA,Yes,Yes
3,Gaming machine,The computer is working good however I am having some issues with it but support is dragging there feet trying to help me with it,Ez,4 days ago,,Yes,No
3,"Love the laptop, but...","I love this laptop, it seems to perform well. However, from day one out of the box the RGB on one of the cooling fans does not function. Other than that it is a great machine.",Stu,1 month ago,From Lathrop,Yes,Yes
3,Powerful specs inside stylish laptop let down down by screen,"I got this laptop to replace my 8 year old XPS. I wasn't keen on Dell's new design of the XPS and wanted something that could house the latest generation of Nvidia GPU's. The Area 51 (18inch) ticked all the boxes - the chassis is well designed and looks very stylish indeed. So far I am very impressed with it and its thermal control when playing games appears to be very good for a laptop. I was left disappointed by the screen quality however. I had to return my first delivery as there was clearly a dead pixel (or a few) in the corner of the screen. I didn't notice any backlight bleed (BLB), but I only had the laptop on for a short time and had used it in a bright room. There are no dead pixels on the second one I ordered and kept, but the backlight bleeding and ips glow is noticeable when the screen is showing dark colours or if I'm not sat in a bright room. Reducing the brightness does help, but it's clear to see if I haven't got a light on. I understand that BLB and IPS glow are to be expected to some degree with this type of screen, but I would say the extent I have with my Area 51 laptop is the worst I've ever seen on an IPS screen and just barely acceptable for product in this price range. It's a shame really when everything else is so good. Perhaps I'm expecting too much from the technology, but when your paying several thousand for a laptop it should look and feel premium all over. Outside of dark colours, the screen does indeed look very good with no noticeable blemishes. I prefer to have an IPS screen for a laptop that's going to be used for games and music production/performance (over say an OLED which would cost a lot more and has it's own issues). I am happy enough with my purchase and hope this laptop will last as long as the last one I owned (the XPS felt flawless and was half the price). I just wonder if Dell could've done a better job ensuring the quality of the screen was on a par with the rest of the laptop prior to shipping. I would recommend it to someone who's prime consideration is having a portible, powerful machine with a well designed chassis for keeping all that tech cool. For anyone after superb visual fidelity without compromise on a laptop screen, look elsewhere.",Jo,3 months ago,From Northern Ireland,Yes,
3,Gaming,Good for gaming,s,3 months ago,From washington,Yes,Yes
3,Hot potato,Hot side vent cooking my mouse hand,Pandaboss,3 months ago,,Yes,No
3,The power I expect with the problems I expect,Powerful gaming laptop that can play just about anything with ease but it's still pretty heavy and bulky when compared to similarly powerful machines. Doesn't get as hot as some so that's nice. The demo area was loud so I can't speak to how quiet it not the fan is. It did blue screen on me at the end of my demo.,Sylvias,3 months ago,From Seattle,Yes,Yes
3,Good but can be improved,I like the LEDs but not the vent design. Don't like soft touch finish around keyboard. Need webcam cover. Need EGPU compatibility!!!,Jun,3 months ago,From Seattle,Yes,Yes
3,Got a bit laggy,Got a little laggy after playing Doom for a while,Frank,3 months ago,,Yes,Yes
3,Is a good but hot laptop,The games runs smoothly but the fan on the right side make the mouse get really hot!,Guzinanda,3 months ago,From Seattle,Yes,No
3,Battery life is not what they say,"Amazing laptop with superb build and finishing. I love it's performance too. I am a VFX professional and it handled renders and 3D Scenes really well. But, the Alienware command center and the dell support center is really buggy. And battery life is really really bad. 2 hours of screen time no matter how light work you do. 2 to 2:30 max with light browsing or watching a movie. If you do anything slightly heavier than that then do rely one battery.",Rakesh,4 months ago,,Yes,Yes
3,Slow Boot Time,I am not a gamer. I use this producit for home office. I think the appearance is great. I am disappointed in performance of the laptop.,tracit99,6 months ago,"From Hartselle, AL",Yes,No
2,"Great looks, unstable performance","My alienware laptop looks great. I love the keyboard. But it is unstable. Games always crashes, cannot multitask from one simple game to google. It will either hang or crash. I am returning my laptop.",vLAD,13 days ago,,Yes,No
2,A $3000+ Boat Anchor,I cannot connect to network resources. My old Dell 5550 never had any problems setting it up and connecting to network resources.,Theo,2 months ago,"From Colorado Springs, CO",Yes,No
2,it's glitchy,the screen is not working properly tehran the laptop se idle the screens starts to glitch out and the brightness and volume keys aren't working properly,rudy,2 months ago,From NJ,Yes,No
2,frustrating,"Well lets begin Positive about that: Thats pretty powerful ( ofc because not cheap ) pretty well design, delivered so fast. Negative: Lets start from beginning: when i launch for the first time screen was keep lagging and turning off, its so overheating in high performance games so if you would like to play some modern games without cooling pad impossible. Its so overpricing stuff. About noise understandable but same like airplane engine. ACC app keep crashing and lagging, sometimes its just unreal to log on to turn on or off something, just keep loading, also at the same time keyboard binds like volume changing or changing the screen brightness etc ofc not working as well. And biggest disappointing about volume problems. Volume in random moment once a day turn off and blocks without possible way to turn on or off or change volume, helps only rebooting sometimes or reinstalling drivers. All drivers working good any broken moments just randomly turn off. Thank you.",vvHyGodmode,3 months ago,From Winnipeg,Yes,No
2,Looks alright,"Saw product at pax, it looks meh",Bob,3 months ago,,Yes,No
2,"Heavy, expensive and a dust magnet",Pros: - Stylish and cool look with LEDs. - Good specs (AMD or 285HX options would've been nicer). - Has G-sync. Cons: - Too expensive. - Too heavy. - A dust magnet with all of these vents and fans.,Solidus,5 months ago,From Alberta,Yes,No
2,Very Disappointed,"I absolutely love Alienware Laptops I have always had them! But.... This is my second Alienware laptop I had to return!! I don't know if it's just me but I have had bad luck with these NEW Alienware Laptops. both laptops I've had at different times had major freezing issues, the computers would just completely freeze up! And I'm not sure if anybody else has had issues like this, One day I would love to go back to an Alienware but for now I need to go with a different brand!",Michael,5 months ago,,Yes,No
2,The After Purchase Support It is Horrible,"The thing is that I bought a Computer and on the Cart says, It comes with Doom: Dark Ages, it is the 4th time I Buy a Dell Computer, and they are not responsibile for those games, HORRIBLE SERVICE",Benny,5 months ago,,Yes,No
2,"$10,000 Laptop, Dell decided to cheap out and not use DHL.","team global express lost my item for 48 hours. ""can you please describe what the package looks like?"" (C) Team Global Express.",STE,6 months ago,From Melbourne,Yes,No
2,"Solid laptop, overall experience ruined by marketing team",Purchased this on release with only two options of 5070 Ti and 5080 cards - however when delivered marketing conveniently released 5090 gfx card option a couple weeks later - Unreal Anyone running a small business in animation knows that the video card makes a SIGNIFICANT impact on decision making purchase process. Kudos to the team who designed the hardware - however marketing team ruined experience with outdated and unrealistic return policy for sole business owners unacceptable in 2025,Jay,6 months ago,,Yes,Yes
1,Dell does not care if you buy from them so go elsewhere.,The PC wouldn't let me make a backup drive and they do not care to help you even though they are working. When you point out their hours to them they will tell you to hold for the next available person knowing they are not going to help you. Once I got that message I submitted for a return. They don't care about you or how much you waste on their pc's so go elsewhere.,AL,1 month ago,From Home,Yes,No
1,Horrible Service,Trying to set up my payment but nobody can help me obtain my account number. I have been put on hold numerous times for them to come back to ask me more security questions. Then put on another hold to get my request resolved. I'm done! I'm giving my honest review wherever I'm asked to leave reviews. The customer service is horrible!,Corey,1 month ago,,Yes,No
1,Alienware 18 Area-51 Gaming Laptop Arrived Broken,"The laptop charged once and was not able to be charged again. Apparently, the charging port was either defective, broken or not installed correctly. Service tech broke the laptop further when trying to fix it. Not what I was expecting for a $4K+ gaming rig.",Older and Wiser,2 months ago,From Michigan,Yes,No
1,Dell so screwed up it has to be on its way out of business,"I was supposed to get this laptop weeks ago, but Dell did not ship it to the correct address. I never received it. Customer Care out the window. To much chaos to detail in a limited character text box",Jeff,2 months ago,From TX,Yes,No
1,Bad Battery,"Battery does not ever fully fill. I drained it completely after receiving it, then charged it for 12hours and the battery only shows 96% full. I have drained it again and tried charging for 24 hours and the same thing.",A,2 months ago,,Yes,No
1,Junk!,"Froze out of the box, did factory reset just to freez up up again! Sent it back to Dell when contacted Customer Care Team for resolution I was told in some wired tongue to go ""pound sand"" I guess Dell forgot it is trying to sell something! So I took it step further and asked AI to tell me about Dell's Customer Care Team complaints and here is sample. You cannot make this stuff up if you tried. I'll go second my hard earned money elsewhere!!",MrtR1,3 months ago,,Yes,No
1,Abysmal,"Alienware 18 area 51 laptop faulty upon reciept, ages messing around with tech support on the second day of ownership - made it worse! Refund asked for. Customer support also useless.",Billy,3 months ago,From Wales,No,No
1,Received my product broken with no help from support,I received my product with a broken 8 key. I paid more for the upgraded keyboard; so this was especially frustrating. Order support transferred me to Technical Support who pushed me back to Orders.,Sam,3 months ago,"From Waterford, CT",Yes,No
1,Damaged Screen,"I've had 3 previous Alienware laptops and been generally satisfied. However, I've experienced problems with my current model which Tech struggled to support. I decided I'd invest nearly $12,000 AUD on an upgraded AW18 Area 51. It took about 3 weeks to arrive. The day after I received it I went to set it up and there is a damaged pixel in the middle of the screen! Imagine, surely they'd check that before dispatching! I'm so annoyed it's been about 3 weeks now and I still haven't contacted them!!!",Disgusted!,3 months ago,From Victoria,Yes,No
1,Poor performance,"Not sure if I just happened to have gotten a dud but on the day it arrived, and doing all the updates, games wouldn't play well even with a 5090. Graphics card kept making that chime noise when connect or disconnect a device when starting games. Wasn't happy at all and sent it back. May try another one if they go back on sale to see if maybe mine was bad.",zebraunit22,4 months ago,From Las Vegas,Yes,No
1,Horrible service and unable to speak with an actual person,horrible customer service I've called several times needing help setting up my device and the automated system would hang up on me,Lippy,4 months ago,,Yes,No
1,Disappointed,"Windows updates failed no matter what I tried. After 4 hours with Dell tech support and then 3 hours with Microsoft tech support, the issue was unresolvable. Also experienced spinning windows circle for simple copy operation in Quicken app. How is that possible with such a powerful laptop? Killer wifi dashboard had completely nonsensical activity display. This laptop was nothing but trouble so returned for a refund.",Paul,5 months ago,From Fort Worth,Yes,No
1,"Arrived Late, Damaged, Overheats, Support is AI Generated","My first experience with Dell was not positive. I'm used to building my own PCs and buying second hand laptops, and I figured I'd finally try Alienware since I've heard such great things about it almost 20 years ago. It's clear Alienware no longer lives up to its past reputation and has fallen from grace. - Laptop arrived late. Almost 2 months in, and I still don't have a working product I paid for. - Dell initially refused to honor their price match guarantee. - Laptop runs hot sitting in desktop only (25-35% persistent CPU usage, no apps, after win update + reboot). - Laptop CPU sits at 100% with just Firefox on Google home page. - Laptop arrived damage, vent was ruined during assembly. - Dell's support was almost entirely AI generated. I agreed to a refund to end this ordeal. I will not be buying from Dell again.",Larwri,6 months ago,,Yes,No
1,Never a dell again,"After many previous dell/alienware purchases,this will be my last,and im gonna return it. Dealing with comenity and not being able to get support from dell led me to this decision.",Ed,6 months ago,"From Sterling hgts,mi.",Yes,No
